date,close,tradecount,rsi,moving_avg,macd,signal_line,coindesk,reddit_post,reddit_comment,twitter
2021-01-01,728.91,483671.0,61.574045519027926,669.0992857142857,42.97219894524767,34.36174704276277,-0.7351,0.9301075471698115,0.33961499999999994,307.7777857142857
2021-01-02,774.56,824134.0,65.93115139583846,677.4228571428572,46.580983433857,36.80559432098162,0.7579,2.0166511627906973,0.260212,89.14508571428571
2021-01-03,978.28,1636501.0,80.94068413391558,701.7157142857143,65.1287093615839,42.47021732910208,0.27825,4.997529000000003,0.56808,127.10298125000001
2021-01-04,1041.43,2477862.0,87.26273297260155,732.7049999999999,83.95580278801856,50.767334420885376,0.5267,1.41969,0.776169,144.31257386363635
2021-01-05,1099.56,1960503.0,87.87229518653604,765.7842857142857,102.38676427268364,61.09122039124504,0.3426,2.7638909999999988,0.7364689999999997,324.54068222222224
2021-01-06,1208.42,1600888.0,96.5251426693358,810.2742857142857,124.34416413363,73.74180913972202,0.01312499999999999,2.2203525252525256,0.769211,114.58189666666664
2021-01-07,1224.87,1402699.0,96.47083813801056,854.0285714285714,141.44247839353238,87.2819429904841,0.29767142857142853,0.8795350000000003,2.4179870000000014,900.2651613636365
2021-01-08,1216.93,1718817.0,95.21846408484164,896.1792857142857,152.59332314538153,100.3442190214636,-0.42060000000000003,4.863345454545456,3.1720220000000006,896.3948520000001
2021-01-09,1276.0,1131871.0,95.54896142433236,941.7907142857142,164.30292147637,113.13595951244488,0.2733333333333334,2.363159375,0.9669160000000002,58.98986829268292
2021-01-10,1254.25,1437486.0,92.15602038397726,982.4435714285715,169.86966750234262,124.48270111042444,0.0,0.7514029999999999,-1.1757040000000007,203.22693214285712
2021-01-11,1087.01,2557613.0,72.37195412682878,1007.915,158.95415891867617,131.3769926720748,0.27744,0.0,0.0,116.04915789473682
2021-01-12,1050.16,1516625.0,69.11467845813709,1030.6407142857145,145.6510777329696,134.23180968425376,0.017116666666666665,2.8521707070707074,0.35891999999999996,907.1181214285714
2021-01-13,1129.89,1123983.0,71.17739403453692,1057.6207142857145,139.92882235689797,135.3712122187826,0.021425,0.5947927835051546,3.936739999999998,574.3246095238095
2021-01-14,1231.62,1255769.0,75.32266972120519,1092.9921428571429,141.9661570638856,136.6902011878032,0.32895,2.075641,1.0466629999999997,140.48343023255813
2021-01-15,1168.53,1519266.0,71.27138654486336,1124.3935714285717,136.91169101307662,136.7344991528579,0.18114285714285713,-0.5093363636363643,4.513917999999999,434.75775882352934
2021-01-16,1227.83,1252473.0,71.64592506279789,1156.77,136.12187640331956,136.61197460295023,0.18275,2.2221632653061216,0.5185919999999996,350.30441636363645
2021-01-17,1232.45,1121278.0,64.98802938991167,1174.925,134.32037633694802,136.15365494974978,0.0,1.9162686746987951,2.153276999999999,510.9051
2021-01-18,1258.45,940604.0,63.38373871429277,1190.4264285714287,133.45230219563746,135.61338439892734,0.0,1.6288125000000002,1.7799070707070708,504.61076410256413
2021-01-19,1365.36,1840481.0,65.4617586150732,1209.412142857143,139.77979621944655,136.4466667630312,-0.17020000000000002,1.6322280000000005,0.0,148.3630251612903
2021-01-20,1376.99,1852253.0,61.05652556046753,1221.452857142857,144.07205169428926,137.97174374928284,0.11731666666666668,0.8011887755102036,2.3297559999999997,202.10973709677427
2021-01-21,1110.96,1823458.0,44.37142377135855,1213.3164285714286,124.5713167905983,135.29165835754594,0.0012749999999999984,0.9293828282828286,2.7695440000000002,408.18413103448273
2021-01-22,1232.62,1652010.0,50.69695542861204,1214.4371428571428,117.5784183128851,131.74901034861378,-0.10875,1.4571929999999997,2.9436869999999997,362.29276470588246
2021-01-23,1233.6,932871.0,48.014088729016784,1211.4085714285711,110.83790334245032,127.56678894738108,0.0,2.0402375,1.5747389999999997,270.26663684210524
2021-01-24,1392.51,1313986.0,55.73845336520903,1221.2842857142855,116.97034428193932,125.44750001429271,0.0,0.2806369863013698,0.8767010000000001,167.4242492957747
2021-01-25,1317.88,1661512.0,60.380191894395146,1237.775,114.48857756180178,123.25571552379456,-0.25588,0.17605899999999994,0.0,248.02620869565223
2021-01-26,1365.97,1423178.0,64.0571169134077,1260.3328571428572,115.0756996179698,121.6197123426296,0.26681666666666665,0.21743768115942028,0.0,174.39342439024395
2021-01-27,1239.03,1737296.0,54.66203055052456,1268.1285714285714,104.09802374040372,118.11537462218443,-0.08637499999999998,45.12968035714285,9.188707,281.8611770833333
2021-01-28,1329.69,1275024.0,54.22916037776533,1275.1335714285717,101.54311501877328,114.80092270150224,0.007612500000000008,-0.5180499999999998,0.28327700000000006,394.4243388888888
2021-01-29,1379.5,1714076.0,59.20325955137545,1290.2028571428568,102.35766670389148,112.31227150198008,0.0,0.7585999999999998,1.8574970000000004,169.9547545454546
2021-01-30,1378.05,1013174.0,56.901462805057335,1300.9328571428573,101.71370957167484,110.19255911591904,0.13373333333333334,2.435086,3.750382999999999,1001.039088888889
2021-01-31,1312.55,828176.0,53.48503306648102,1306.6542857142856,94.82498293450612,107.11904387963646,0.0,6.91031789473684,6.486768999999997,122.082256
2021-02-01,1374.17,915584.0,54.883442210631145,1314.9199999999998,93.26276140470736,104.34778738465066,0.765,0.6370999999999998,4.973074,300.2670519230769
2021-02-02,1511.87,1614541.0,56.026192611117054,1325.385,101.96059056050922,103.87034801982236,0.2072888888888889,18.58165353535353,2.3575370000000007,366.27305442176885
2021-02-03,1664.49,1384979.0,60.59634380067817,1345.9207142857142,119.78799983573276,107.05387838300446,-0.04390000000000001,26.430912765957437,5.513992000000002,213.01185045045045
2021-02-04,1595.67,1507993.0,70.90366485824443,1380.5428571428572,126.90032334383407,111.0231673751704,0.1757875,7.860011578947371,0.0,177.0388189655172
2021-02-05,1719.19,1326415.0,70.95026910656621,1415.297857142857,140.87994633914036,116.9945231679644,-0.07931666666666665,0.0,0.0,238.73289541284407
2021-02-06,1676.35,1152167.0,68.40022940545752,1446.922857142857,146.8097370466976,122.95756594371105,0.17267999999999997,0.0,0.0,244.54362162162153
2021-02-07,1611.62,1263737.0,59.87934315060463,1462.5735714285715,144.61889230707243,127.28983121638332,0.0,0.0,0.12124499999999998,25.15314027777778
2021-02-08,1750.15,1372788.0,68.42850199943724,1493.45,152.30516617423677,132.292898207954,0.18589999999999998,4.3408050000000005,0.383401,243.33054939759037
2021-02-09,1769.13,1173421.0,67.62494316790821,1522.2471428571428,158.10557827900402,137.455434222164,-0.020524999999999995,0.20725100000000007,0.47152799999999984,130.02516166666672
2021-02-10,1740.78,1279140.0,74.00419086620802,1558.0864285714283,158.58674926388994,141.6816972305092,0.18512499999999998,3.562167676767677,3.6045820000000015,377.4812095238096
2021-02-11,1785.62,935602.0,72.81224044590766,1590.652857142857,160.73345873337166,145.4920495310817,0.19263333333333332,0.9861333333333331,1.599108,105.59890999999999
2021-02-12,1840.26,996495.0,72.94301591411555,1623.5642857142857,164.94237972816927,149.38211557049922,0.0,0.7591329999999998,1.4148080000000005,157.68255454545445
2021-02-13,1814.96,853189.0,71.25069310012742,1654.7721428571426,164.34204854485483,152.37410216537037,0.29636,-0.7909070000000001,1.0188270000000004,328.76944999999995
2021-02-14,1800.42,714827.0,74.9669918016847,1689.62,160.83897370271575,154.06707647283943,0.0,3.486900999999999,2.4064609999999997,6.930110000000004
2021-02-15,1779.25,1086589.0,71.62548847936107,1718.554285714286,154.5727016901826,154.16820151630807,0.3976,0.3811929999999994,0.9649519999999993,358.144972972973
2021-02-16,1781.99,826125.0,66.84838202639654,1737.8485714285712,148.12029254429262,152.958619721905,-0.10115,-0.4528597826086956,0.24515900000000002,273.8615185185185
2021-02-17,1849.88,862461.0,62.930156648858265,1751.0907142857145,146.79273218732123,151.72544221498825,0.19181,1.4715895522388063,0.20635699999999993,880.8055098360657
2021-02-18,1939.61,1053661.0,73.30848468419623,1775.657857142857,151.23771786562202,151.627897345115,0.34720000000000006,0.002909090909090932,1.1827870000000005,226.7635891891892
2021-02-19,1955.0,988320.0,68.72488763955721,1792.5014285714285,154.22444205385636,152.14720628686328,0.2238,-4.275594999999999,1.0593139999999999,125.13531368421056
2021-02-20,1913.0,1329067.0,68.81669131561789,1809.405,151.45649727764294,152.00906448501922,0.24209999999999998,0.16293599999999997,0.34941700000000003,249.6949280991736
2021-02-21,1933.53,895138.0,77.53108803858849,1832.3985714285716,149.1996004042262,151.44717166886062,0.0,1.9053920000000002,0.25708800000000004,221.27215961538457
2021-02-22,1777.58,1799926.0,52.2780499958475,1834.3578571428573,133.2906401711591,147.8158653693203,0.118775,5.189357,0.496165,-41.505034285714274
2021-02-23,1577.89,2396626.0,37.78425060043947,1820.6978571428567,103.37768682421324,138.9282296602989,0.09418571428571429,3.3464447916666678,2.2512109999999996,21.19100806451612
2021-02-24,1623.39,1319936.0,42.66229950869473,1812.3128571428567,82.39314859712749,127.62121344766464,0.1419111111111111,18.430995918367337,3.2852450000000006,174.52339818181818
2021-02-25,1481.75,1110019.0,33.056395044105685,1790.607857142857,53.71440042950053,112.83985084403182,0.4268714285714286,28.866919148936162,5.867229000000001,-256.7793842105263
2021-02-26,1444.59,1298739.0,27.4990616789691,1762.3457142857144,27.66883533600935,95.80564774242733,0.07546666666666665,13.371744791666659,1.6035529999999993,335.4712490196078
2021-02-27,1458.13,954919.0,29.43271813434471,1736.8578571428573,8.02756541562735,78.25003127706734,-0.0814,40.97614123711339,0.9837739999999997,75.547385
2021-02-28,1419.18,1190546.0,28.627169574382208,1709.6264285714285,-10.559498657784616,60.48812529009695,0.0072666666666666435,13.810500000000006,0.0,160.27726710526323
2021-03-01,1569.86,989006.0,39.74975278786751,1694.67,-12.981620098118356,45.79417621245389,-0.011666666666666678,0.0,0.0,219.1367023809523
2021-03-02,1486.78,966176.0,36.60243435324445,1673.5835714285715,-21.35881928814501,32.363577112334106,0.26552857142857145,1.44505,0.41646600000000006,438.31566727272724
2021-03-03,1567.69,1237215.0,37.34290199596322,1653.4271428571428,-21.224387664511823,21.64598415696492,0.46775000000000005,6.347762886597941,1.2693880000000006,1740.426310606061
2021-03-04,1539.23,1125118.0,30.997266203440034,1624.8285714285714,-23.147503769477,12.687286571676538,0.3720375,27.265561224489794,1.001239,162.11385185185185
2021-03-05,1528.31,1000913.0,29.66225298138245,1594.3507142857145,-25.26154056089445,5.097521145162342,-0.0036250000000000032,4.679364285714286,0.8306559999999998,221.13888461538454
2021-03-06,1650.35,1188531.0,38.36853992294407,1575.59,-16.89457177284953,0.6991025615599678,-0.42283333333333334,0.0,0.0,143.932008
2021-03-07,1726.16,1166072.0,41.24526103366461,1560.777857142857,-4.099202246343111,-0.2605584000206481,0.0,-0.13486666666666666,0.10237894736842104,225.43771923076923
2021-03-08,1833.18,1407402.0,52.448476307909104,1564.7492857142856,14.509582451020378,2.6934697701875576,0.09108000000000001,1.041420618556701,0.6043420000000002,340.71200681818175
2021-03-09,1870.51,1196670.0,65.03638082709857,1585.6507142857142,31.90165499224804,8.535106814599654,0.25592000000000004,0.22804000000000002,0.5115010000000001,247.40673373493973
2021-03-10,1795.12,1098051.0,58.56141505389208,1597.9171428571428,39.1503539348937,14.658156238658464,0.30631250000000004,0.9536349999999998,0.36704100000000006,239.48904861111103
2021-03-11,1825.78,1023958.0,69.28527383821961,1622.490714285714,46.829188104375135,21.0923626118018,0.23922857142857143,1.635285,0.4554919999999999,229.77161168831165
2021-03-12,1766.1,1126153.0,67.57903485078788,1645.4557142857143,47.55090503938891,26.38407109731922,-0.04416,-1.2346870000000003,0.19801199999999994,242.9633702702702
2021-03-13,1922.35,1265904.0,71.95557993908321,1678.6142857142856,60.03884958916456,33.11502679568829,0.17475999999999997,1.1276499999999998,0.21472323232323232,344.1391105263158
2021-03-14,1848.1,963564.0,69.63056531927357,1709.2514285714285,63.21557139210381,39.13513571497139,-0.20095,1.7677070707070712,0.36076000000000014,595.9326537037037
2021-03-15,1793.48,1496415.0,61.2211717950262,1725.2242857142858,60.62689962640548,43.43348849725821,0.0,0.5976309999999999,0.5100779999999999,211.2900078431373
2021-03-16,1805.12,987906.0,67.20793963112715,1747.962857142857,58.83638015611314,46.5140668290292,0.42840000000000006,2.120600000000001,0.82977,283.20626896551727
2021-03-17,1823.58,872416.0,64.83368694422222,1766.240714285714,58.23564404513058,48.85838227224947,-0.030666666666666675,-0.029767000000000005,0.44551500000000005,434.1914041666666
2021-03-18,1776.08,783517.0,63.43341992127681,1783.1585714285716,53.31215399755001,49.74913661730959,0.13848000000000002,0.0,0.0,922.6362766233768
2021-03-19,1809.1,703977.0,65.53609171489592,1803.215,51.48124693465888,50.09555868077945,0.38553333333333334,0.0,0.0,389.4411024096385
2021-03-20,1806.1,743672.0,59.925060219466495,1814.34,49.22077847302444,49.92060263922845,-0.12466666666666666,0.0,0.0,262.77497375
2021-03-21,1782.98,748800.0,53.88146569390933,1818.398571428572,45.04450513729307,48.94538313884137,0.0,0.0,0.0,165.34112417582418
2021-03-22,1680.97,879976.0,39.53062880882615,1807.5264285714288,33.12161856214993,45.78063022350308,-0.3543,0.0,0.0,221.03338235294112
2021-03-23,1668.08,654415.0,35.59196572193197,1793.0671428571427,22.37460921054617,41.0994260209117,-0.004049999999999998,0.0,0.0,161.6399370967742
2021-03-24,1581.84,994542.0,35.050607003672866,1777.8328571428572,6.82006217768776,34.24355325226691,0.08227142857142856,0.0,0.0,69.44876860465118
2021-03-25,1585.74,778215.0,32.51915290279355,1760.6871428571428,-5.133159140679027,26.368210773677728,0.14546666666666666,0.0,0.0,167.33286610169492
2021-03-26,1698.84,650812.0,45.45540540540541,1755.882857142857,-5.417498815858835,20.011068855770414,0.45241999999999993,0.0,0.0,178.84439538461544
2021-03-27,1712.63,516929.0,32.451384007765185,1740.902857142857,-4.478477207343076,15.11315964314772,-0.1591,1.41559375,0.0,244.66848474576267
2021-03-28,1687.01,512231.0,35.32637408682663,1729.3964285714287,-5.735500423379563,10.943427629842263,0.0,0.0,0.15633100000000003,200.8472785714286
2021-03-29,1816.74,846836.0,51.86372231659242,1731.057857142857,3.693846064607442,9.4935113167953,0.02629999999999999,0.6381889999999998,0.3936179999999997,109.88125507246372
2021-03-30,1840.46,856093.0,52.77786511554788,1733.5821428571428,12.931609312294086,10.181130915895055,0.23009999999999994,0.7409279999999999,0.3111170000000001,291.2495229885058
2021-03-31,1919.37,1040362.0,56.87603187136601,1740.4242857142858,26.316619158062394,13.408228564328525,0.2173857142857143,1.0347280000000003,1.0755430000000004,225.37202952380963
2021-04-01,1968.05,994836.0,63.756754045261054,1754.1364285714285,40.38685058528176,18.803952968519173,-0.002133333333333339,0.3185360000000001,0.344402,286.1207302325582
2021-04-02,2133.69,1218698.0,69.54537243331126,1777.321428571429,64.1637344603364,27.87590926688262,0.2712,2.0660040000000004,0.14128899999999997,389.1299532967036
2021-04-03,2008.52,1107620.0,60.62549867719313,1791.78,72.07606530876592,36.71594047525928,0.0,0.30836199999999986,0.14947900000000003,243.40280787401576
2021-04-04,2075.69,818926.0,64.68587254282187,1812.687857142857,82.81209585601096,45.93517155140962,0.0,1.0098229999999995,0.19937700000000005,167.62892121212127
2021-04-05,2107.38,947978.0,73.01808367071524,1843.1457142857143,92.8077654203082,55.30969032518934,0.34,2.0980809999999996,0.307196,263.31172300000003
2021-04-06,2112.21,1106761.0,74.18508151907557,1874.8692857142853,99.96679125649187,64.24111051144985,0.11965714285714286,0.8406230000000001,0.596764,214.8849164062499
2021-04-07,1963.47,1229155.0,69.45721889689912,1902.1285714285716,92.57119279473864,69.9071269681076,0.14242,1.3940339999999998,0.479753,207.703945945946
2021-04-08,2080.46,911403.0,72.61515112728335,1937.4657142857145,95.05451374014864,74.93660432251582,-0.17415,0.9804642857142856,0.07589499999999999,250.30296666666663
2021-04-09,2066.87,645172.0,68.50754825148097,1963.753571428572,94.8327906775478,78.91584159352222,0.2516,1.0284385416666666,0.41297900000000015,165.74383827160491
2021-04-10,2133.49,1175161.0,70.09645688090916,1993.815,98.89277641850094,82.91122855851796,0.5994,0.0,0.0,293.4995701923077
2021-04-11,2151.36,830771.0,72.33848078125752,2026.982857142857,102.37222078627384,86.80342700406914,0.0,0.0,0.0,200.92146538461537
2021-04-12,2137.69,914567.0,67.38077960337488,2049.907857142857,102.84116186317488,90.0109739758903,-0.015280000000000002,0.0,0.0,172.252222
2021-04-13,2299.19,1288668.0,71.61638723175662,2082.674285714286,114.91977767142316,94.99273471499689,0.14378571428571427,0.0,0.0,287.5946822222223
2021-04-14,2432.6,1554097.0,73.00303880527441,2119.3335714285718,133.71584672151585,102.73735711630069,0.3673666666666667,-1.3731,0.667987,244.7505792857143
2021-04-15,2514.04,1462768.0,73.77321849990855,2158.332857142857,153.41492251037448,112.87287019511544,0.43067500000000003,1.3706800000000001,3.6886289999999993,211.3614477386935
2021-04-16,2422.67,1679215.0,63.452693518053,2178.974285714285,159.81157821377838,122.26061179884805,0.1317625,1.3575309999999998,1.497501,269.1556506578949
2021-04-17,2317.6,1242299.0,64.66279555201335,2201.0514285714285,154.6203360644363,128.7325566519657,0.8225,1.9578569999999997,0.6617380000000003,250.05342978723405
2021-04-18,2235.64,2113566.0,57.483040935672506,2212.4764285714286,142.25294878430304,131.43663507843317,0.0,-5.638768,0.08954599999999997,542.490213592233
2021-04-19,2161.12,1411498.0,52.41727990787886,2216.315,124.9976687353742,130.1488418098214,0.484,0.890821,2.4670269999999994,183.73495865384606
2021-04-20,2330.03,1478664.0,58.53754135114372,2231.8735714285717,123.52840181686452,128.82475381123004,0.5847,1.2637818181818181,1.638851999999999,345.57286455696186
2021-04-21,2357.06,1905822.0,67.05403180380432,2259.9871428571428,123.1257750081536,127.68495805061475,0.10677142857142859,2.6377626262626257,2.5192959999999998,202.69273648648647
2021-04-22,2397.94,3110597.0,64.72760335485786,2282.664285714286,124.66826653969748,127.08161974843132,0.2299375,4.389553535353534,1.340039,183.10979877300613
2021-04-23,2367.39,2790382.0,63.72488125685056,2304.13,122.0190132776338,126.0690984542718,0.43635999999999997,0.828519191919192,3.557742000000001,329.7469439560439
2021-04-24,2213.35,1275474.0,53.37754394275177,2309.8342857142857,106.26476626857992,122.10823201713345,-0.128,3.9732769999999995,1.7354200000000009,245.23365465116285
2021-04-25,2320.49,1307545.0,56.65085844167079,2321.915,101.25748138947984,117.93808189160274,0.6862,2.280681000000001,0.925893,212.67657446808514
2021-04-26,2532.6,1852607.0,63.43295258957909,2350.1228571428574,113.10091937435028,116.97064938815224,0.11744444444444443,0.9314980000000002,1.0472419999999998,419.8730246153847
2021-04-27,2666.13,1255607.0,62.723653915503895,2376.332857142857,131.7430326744702,119.92512604541584,0.09846250000000002,0.744742,1.6202690000000004,203.40962038216563
2021-04-28,2748.24,1587100.0,61.348568305696574,2398.878571428572,151.39741736630822,126.21958430959432,0.18498888888888887,5.023706000000002,1.989484,199.1211244897959
2021-04-29,2757.04,1379738.0,59.21837301406656,2416.2357142857145,165.77281941984074,134.1302313316436,0.27044285714285715,2.600712000000001,3.9347370000000006,505.3847863945577
2021-04-30,2772.42,1382521.0,64.07977263029073,2441.217857142857,176.373344454149,142.5788539561447,0.06974285714285713,0.42838599999999993,2.1652379999999996,205.25108499999996
2021-05-01,2944.77,1437394.0,73.95040135643964,2486.0157142857142,196.4173644160237,153.34655604812053,0.4767,3.5350679999999994,4.300693000000002,242.8717046666667
2021-05-02,2949.56,1132280.0,78.97073384517992,2537.01,210.2651023985068,164.73026531819778,0.0,1.463544,-0.6406439999999995,238.57221261261253
2021-05-03,3431.04,2502746.0,88.73833201146971,2627.718571428571,257.1269472292438,183.209601700407,0.5233857142857143,2.246611,2.8420780000000003,234.84142264705883
2021-05-04,3239.01,3634236.0,77.34234938816763,2692.6457142857143,275.5932137236477,201.6863241050552,0.14914,2.864667,2.666804000000001,324.2567911242603
2021-05-05,3524.26,2224441.0,80.388869217471,2776.0171428571425,309.67540868395145,223.28414102083445,0.05317142857142856,0.6895499999999999,1.014416,335.478048148148
2021-05-06,3489.73,1703109.0,78.519818817297,2854.002142857142,330.0943886820937,244.6461905530863,0.10965000000000001,0.6842279999999998,2.79814,159.8082324074074
2021-05-07,3479.53,1382532.0,79.36358739848133,2933.440714285714,341.51673040505784,264.0202985234806,0.30004,1.3716360000000003,3.572550000000001,185.6814333333333
2021-05-08,3910.26,2146967.0,89.09156250143982,3054.648571428572,380.9341579041893,287.4030703996224,-0.11315,1.063896,5.041758999999998,359.50743354430386
2021-05-09,3923.95,2289303.0,88.6007568681451,3169.181428571429,408.56770756414426,311.63599783252675,0.0,2.278144,4.335612999999998,322.8313878378378
2021-05-10,3945.88,3033133.0,87.45177019291924,3270.130000000001,427.3112839921532,334.77105506445207,-0.08685454545454546,0.196002,1.411211999999999,0.0
2021-05-11,4173.45,2290977.0,88.04749500212031,3377.7957142857144,455.2805101509389,358.87294608174943,0.2997875,-0.9632140000000002,0.41194000000000003,368.7265441860465
2021-05-12,3823.21,3188941.0,73.89916272782654,3454.5792857142856,444.0659664274695,375.9115501508935,0.31595000000000006,1.0934819999999996,12.467833999999993,468.2275133333333
2021-05-13,3717.91,3943562.0,70.48352782171591,3523.212857142857,421.8190621834124,385.0930525573973,0.2786375,4.360441999999999,12.622867000000001,324.54753
2021-05-14,4075.01,2227244.0,74.23702827116803,3616.255,428.06870629780224,393.68818330547833,0.2847,0.35214,6.843254000000002,303.699515
2021-05-15,3646.68,2055345.0,61.9243876500508,3666.391428571428,393.9181003327476,393.7341667109322,0.1591,0.988242,-0.20021999999999976,172.74256956521737
2021-05-16,3582.1,2532983.0,60.531941817406825,3711.5728571428576,357.5211514959356,386.4915636679329,0.0,1.387612999999999,3.6209700000000016,365.54007906976744
2021-05-17,3282.51,2885352.0,47.36748822255386,3700.9635714285714,301.0317909942064,369.3996091331876,-0.14215,-0.42056099999999985,1.1678444444444442,609.0485610000001
2021-05-18,3375.07,2143887.0,52.49963256907701,3710.6821428571434,260.7268870000398,347.6650647065581,-0.0862142857142857,2.608609000000001,-0.06093799999999991,247.66390467289725
2021-05-19,2438.92,5548968.0,33.908969607116376,3633.1578571428577,151.4990917111627,308.431870107479,-0.31245,1.0364454545454544,4.602232999999999,180.64857354838705
2021-05-20,2768.62,4243052.0,40.169371835525,3581.65,90.49612854510632,264.8447217950045,0.25428333333333336,0.9941619999999998,16.266215,172.201497260274
2021-05-21,2430.98,3676164.0,36.877082233029874,3506.753571428572,14.736244257795532,214.8230262875627,0.021733333333333344,1.2643309999999999,6.500989999999998,797.0560275590556
2021-05-22,2294.87,2484734.0,28.173295968912228,3391.368571428571,-55.64550262551393,160.7293205049474,0.032299999999999995,2.4814769999999995,4.13525,206.98600388349502
2021-05-23,2096.39,3761018.0,26.480974344191424,3260.828571428571,-125.9869225184143,103.38607190027506,-0.4767,3.329169000000001,-6.083313,265.0352442748092
2021-05-24,2648.43,3299296.0,35.30763986873187,3168.153571428571,-135.6245942576561,55.58393866868883,0.2158,0.7436242424242427,1.6507720000000006,202.168525
2021-05-25,2705.11,2976859.0,32.70302744728474,3063.2721428571426,-137.10841577121982,17.0454677807071,0.05550000000000001,3.740278787878787,-0.42948899999999957,158.67259635036496
2021-05-26,2884.94,2726537.0,38.48491319533933,2996.252857142857,-122.36305182006664,-10.836236139447648,0.17779285714285714,0.7519206185567009,6.058839999999999,269.72243546099287
2021-05-27,2742.23,1732113.0,38.134744010701695,2926.5614285714287,-120.80023901708228,-32.82903671497458,0.013925,2.4099809999999997,0.04174499999999964,321.20364873949586
2021-05-28,2412.1,2184249.0,29.64380234690404,2807.7821428571438,-144.53432882651532,-55.17009513728273,0.17870000000000003,0.025434000000000002,4.40601,270.7875481481482
2021-05-29,2278.74,1887733.0,31.951202778158944,2710.072142857143,-172.12070313502818,-78.56021673683182,0.3610333333333333,2.0134169999999996,4.445654639175258,181.24422000000004
2021-05-30,2385.98,1519005.0,34.3939022289952,2624.6350000000007,-183.21771203047228,-99.49171579555993,0.0,1.2905434343434343,3.2601520000000015,134.23668133333334
2021-05-31,2706.15,1849177.0,42.5202450166113,2583.4664285714284,-164.28337185419105,-112.45004700728614,0.0,0.8589857142857145,6.521460999999996,163.71535921052634
2021-06-01,2634.57,1790186.0,40.33748975682574,2530.5735714285715,-153.28668514224182,-120.61737463427728,0.0,2.70368,2.209992999999999,155.4979178082192
2021-06-02,2706.22,1349232.0,54.50406427348584,2549.666428571428,-137.20852107855217,-123.93560392313226,-0.32904999999999995,1.048073,0.9034610000000001,184.41773387096777
2021-06-03,2857.25,1620340.0,51.58912018360139,2555.997142857143,-111.00006181408298,-121.3484955013224,0.09318333333333333,0.7658469999999999,-4.654815,164.02008550724642
2021-06-04,2689.51,1775946.0,54.93613365155131,2574.4635714285714,-102.58237934973704,-117.59527227100534,0.1899,1.797568686868687,17.687892000000005,284.43190705882364
2021-06-05,2627.73,1670498.0,56.54097986967561,2598.2392857142863,-99.74661811015312,-114.02554143883488,-0.2732,1.4339509999999998,-1.9948323232323242,275.7197485294116
2021-06-06,2711.92,1336460.0,62.66454881014596,2642.2057142857147,-89.6721428585115,-109.15486172277022,0.7549,1.9615969999999998,2.1479350000000004,620.0050483870967
2021-06-07,2592.05,1926275.0,48.589060842058906,2638.178571428572,-90.31940990798284,-105.38777135981276,0.2865428571428571,4.724512000000001,3.9552549999999997,212.85070188679242
2021-06-08,2507.23,2128256.0,45.11672671635161,2624.0442857142857,-96.56351474836084,-103.62292003752238,0.37575000000000003,0.8473529999999999,6.466965000000008,152.63762169811324
2021-06-09,2610.18,1763686.0,42.95205261591816,2604.418571428572,-92.14264515323477,-101.32686506066486,0.18285999999999997,1.8878419999999998,1.4958151515151508,263.7748101265823
2021-06-10,2471.09,978237.0,43.03196957236842,2585.051428571428,-98.72444082482208,-100.80638021349633,-0.008883333333333326,1.1385561224489793,6.9992779999999994,254.16859402985068
2021-06-11,2354.01,885172.0,48.323569305359165,2580.9021428571427,-112.0957685923072,-103.0642578892585,0.480375,2.4931339999999995,0.5756570000000001,724.244157142857
2021-06-12,2370.74,1127302.0,52.84667557799891,2587.473571428571,-119.95984854013932,-106.44337601943468,0.7785,1.7074343434343437,2.2664530000000003,182.17990727272726
2021-06-13,2509.33,1217504.0,53.74407352771555,2596.284285714285,-113.6984884019439,-107.89439849593651,0.0,9.361607216494848,-0.09308099999999973,472.0749169811321
2021-06-14,2580.77,1118498.0,45.51746821685472,2587.328571428572,-101.7982377135918,-106.6751663394676,0.0,10.645077551020407,4.404035999999998,95.0922057142857
2021-06-15,2543.54,1044834.0,46.663587916639166,2580.826428571429,-94.2845001348137,-104.19703309853682,0.2269,5.728857999999999,3.9678090909090913,331.1199821428571
2021-06-16,2367.89,896073.0,38.47798990593861,2556.6600000000003,-101.33516727241158,-103.62465993331178,0.12887142857142858,7.5626141414141435,2.051485858585858,201.08124166666667
2021-06-17,2373.28,961448.0,31.703149219311182,2522.0907142857145,-105.2744060010432,-103.95460914685806,0.3405,4.9200606060606065,5.7895270000000005,218.7884
2021-06-18,2234.09,1067542.0,32.40262751159196,2489.5607142857143,-118.26447160323504,-106.81658163813346,0.1376,2.330513402061856,3.962585000000002,499.55048250000016
2021-06-19,2164.67,763820.0,32.212439691466145,2456.485,-132.63190793995818,-111.9796468984984,0.20379999999999998,-2.3986760416666657,2.9414989999999994,351.9885631578947
2021-06-20,2243.47,1035537.0,31.930568948891025,2423.0242857142853,-136.0909317600126,-116.80190387080124,0.0,2.056422448979592,2.8780390000000016,251.46959615384614
2021-06-21,1885.49,2014010.0,26.9754164602831,2372.555714285714,-165.80690846506923,-126.60290478965484,0.0,3.2105380000000014,0.6612909999999999,165.14604210526318
2021-06-22,1879.28,1856357.0,28.43207968401167,2327.702142857143,-187.6945037927908,-138.82122459028204,0.2615,3.423573,2.789074999999999,128.38790459770112
2021-06-23,1968.14,1141790.0,27.732613792433725,2281.842142857143,-195.6153889778402,-150.1800574677937,0.2997285714285714,-0.022303000000000198,6.934638000000001,132.64017205882354
2021-06-24,1989.52,833337.0,31.81313493711997,2247.444285714286,-197.88644843646443,-159.72133566152786,0.06568,2.3232019999999998,4.531990000000002,233.8096244444445
2021-06-25,1808.82,1041338.0,30.354504637603853,2208.502142857143,-211.82546711844725,-170.14216195291175,0.26025,0.28046400000000016,3.600471,114.65383600000003
2021-06-26,1829.64,923226.0,30.559188307488924,2169.852142857143,-218.67153056309556,-179.8480356749485,0.3612,5.180871,1.8021780000000005,264.03411249999994
2021-06-27,1982.28,1091206.0,31.25324569078971,2132.2057142857143,-209.36686197342533,-185.75180093464388,0.0,4.828599999999999,7.406849999999998,334.1819257142859
2021-06-28,2084.41,1657087.0,32.722082985240874,2096.7514285714287,-191.54380980803217,-186.91020270932157,0.19990000000000002,4.452738,7.247104,695.421955102041
2021-06-29,2165.33,1536044.0,37.22341208980535,2069.736428571429,-168.94188791425677,-183.31653975030855,0.03545714285714284,0.834474,-1.1201560000000004,203.58297368421054
2021-06-30,2275.68,1464112.0,46.74121247676334,2063.15,-140.50571676768914,-174.75437515378468,0.09360000000000002,0.2804197916666666,3.7210560000000017,248.30170967741932
2021-07-01,2106.41,1414518.0,41.54763186733135,2044.0878571428573,-130.12848049311106,-165.82919622164997,0.022000000000000006,0.9431789999999997,13.614338383838385,295.3013984848485
2021-07-02,2154.13,862561.0,47.311726734803656,2038.3764285714285,-116.70849787920406,-156.00505655316078,0.0,0.452931,-0.9956299999999996,116.5406078124999
2021-07-03,2226.99,922576.0,52.090377287608,2042.827857142857,-99.0520613825056,-144.61445751902974,0.56985,2.298257575757576,1.098515,125.30845500000001
2021-07-04,2322.69,1204553.0,52.62745930456241,2048.4864285714284,-76.45568451036252,-130.9827029172963,0.0,2.193016842105263,4.023538999999998,123.56911499999998
2021-07-05,2196.53,1264204.0,62.19076286332425,2070.703571428571,-67.94472616882194,-118.37510756760145,0.09756666666666662,0.9057729999999998,1.1383670000000001,284.7495833333333
2021-07-06,2322.5,1326163.0,65.88055722762061,2102.3621428571428,-50.4534086514459,-104.79076778437036,0.6213666666666667,0.30184799999999995,2.0810490000000006,346.88170638297873
2021-07-07,2316.57,1113578.0,63.27301817073636,2127.25,-36.64746576858488,-91.16210738121326,0.1527111111111111,0.258109,5.2162609999999985,239.95502072072065
2021-07-08,2116.33,1234614.0,54.25134604166527,2136.307857142857,-41.38677016784095,-81.2070399385388,-0.021628571428571424,-0.5976859999999998,1.4486960000000002,403.4689179245284
2021-07-09,2146.99,867603.0,62.605395975756124,2160.462857142857,-42.18244432489018,-73.40212081580907,0.168775,0.6685760000000002,2.0640829999999997,129.03757297297298
2021-07-10,2110.69,646476.0,60.35670855289826,2180.537857142857,-45.22085063796385,-67.76586678024003,0.2861666666666667,0.5662950000000003,-0.17428888888888874,837.1284606060607
2021-07-11,2140.45,479138.0,56.408988873311344,2191.8357142857144,-44.71201398139237,-63.1550962204705,-0.4019,1.704332894736842,2.2090760000000005,260.937116
2021-07-12,2031.58,725803.0,47.870977101820735,2188.0621428571426,-52.48860048713914,-61.02179707380423,0.4392666666666667,1.4222069999999996,3.1338350000000004,312.17445060240965
2021-07-13,1940.15,902810.0,41.001582455523405,2171.977857142857,-65.27676825674553,-61.87279131039249,0.2681142857142857,0.09414100000000002,5.344233000000002,279.9901262295081
2021-07-14,1994.58,936438.0,38.24144566217686,2151.8992857142857,-70.2100989223145,-63.5402528327769,0.0610666666666667,0.4635290000000001,2.9283459999999986,256.4618916666666
2021-07-15,1919.51,865033.0,41.51303242212333,2138.549285714286,-79.26361897172274,-66.68492606056607,-0.02566666666666667,1.4095160000000002,2.193433,268.95922462686565
2021-07-16,1876.26,721120.0,37.33073142263113,2118.701428571429,-88.90368603069828,-71.12867805459251,0.018979999999999997,0.740542,1.7075619999999991,143.6586417475728
2021-07-17,1899.59,576008.0,34.366345143730285,2095.315714285714,-93.58221508225232,-75.61938546012448,0.43606666666666666,0.313595,1.7262122448979593,627.071496
2021-07-18,1891.64,768528.0,27.5342679939542,2064.5264285714284,-96.81545334107932,-79.85859903631545,0.0,2.144877922077922,3.6772779999999994,141.93412133333334
2021-07-19,1818.73,641063.0,29.15241143361655,2037.5407142857143,-104.0614895456756,-84.6991771381875,0.0,0.685756,3.0183219999999995,244.18278317757006
2021-07-20,1786.03,943640.0,16.999864670349226,1999.2214285714283,-111.16124452596388,-89.99159061574278,-0.07402857142857143,-0.092681,2.883350000000001,159.75708559322035
2021-07-21,1995.5,1304423.0,34.205063116778305,1976.287857142857,-98.74707826236111,-91.74268814506644,0.2501666666666667,0.4735070707070707,0.5378800000000002,173.09908333333337
2021-07-22,2024.56,1074800.0,44.57104319738756,1969.732857142857,-85.57738015540872,-90.5096265471349,0.33359999999999995,2.345025,10.635332999999997,255.4088634920634
2021-07-23,2124.25,1035643.0,48.75631686027434,1968.1085714285712,-66.33152118095427,-85.67400547389877,0.08204285714285715,1.9938760000000002,1.438415,302.2026951219512
2021-07-24,2184.75,1056670.0,53.94599433089661,1973.398571428572,-45.67073114477535,-77.6733506080741,0.3818,1.3862142857142858,3.1755660000000017,185.4215246031745
2021-07-25,2189.79,941623.0,52.70001094451134,1976.922857142857,-28.560987029310127,-67.85087789232131,0.0,0.16713404255319148,0.9834099999999991,96.55862820512819
2021-07-26,2228.08,2252910.0,61.653145459721046,1990.9585714285715,-11.775962585235447,-56.635894830904135,0.2559,1.8904149999999995,1.634684000000001,240.4778011904762
2021-07-27,2299.49,1502763.0,71.82845340784837,2016.625714285714,7.205420812090779,-43.867631702305154,0.07115,0.9156629999999999,3.169069000000001,81.37286250000002
2021-07-28,2300.9,1287050.0,69.88884271763973,2038.5057142857145,22.10724061555584,-30.672657238732956,0.16375,0.7881709999999998,0.23589900000000003,188.4511147058823
2021-07-29,2382.92,1036449.0,79.81931199567585,2071.6064285714283,40.07342717820711,-16.52344035534494,0.21886666666666665,0.4585349999999999,0.12512299999999998,231.26422125000005
2021-07-30,2461.81,1428312.0,86.0263083416393,2113.431428571429,59.98604141187161,-1.221544001901627,0.43385,0.0,0.21726599999999993,300.22432945736426
2021-07-31,2531.05,1007386.0,86.77350974865476,2158.535714285714,80.42690964153098,15.108146726784897,-0.20095,0.0,0.0,497.68911478260867
2021-08-01,2555.69,1810440.0,87.93400893438594,2205.967857142857,97.49087295945174,31.584691973318265,0.0,0.0,0.11342399999999998,294.86349126213617
2021-08-02,2606.93,1596914.0,96.16916588566072,2262.2678571428573,113.83658925742976,48.03507143014056,0.46330000000000005,2.1482590000000004,0.220689,221.24124121212125
2021-08-03,2509.04,1701919.0,89.34576998008251,2313.9114285714286,117.5368901831116,61.93543518073477,0.06677500000000001,0.041821000000000046,0.3911590000000001,200.494687804878
2021-08-04,2724.78,1839302.0,89.41798369835472,2366.002857142857,136.30656310000631,76.80966076458908,0.04298750000000001,-0.2770454545454546,1.2515686868686866,350.1396723404255
2021-08-05,2826.99,2690052.0,90.1934462688212,2423.319285714286,157.61230042121997,92.97018869591524,0.16615714285714286,-0.011032999999999975,6.275658000000005,227.33008080495355
2021-08-06,2891.58,1873337.0,89.83605195668201,2478.128571428572,177.66115672221397,109.908382301175,0.029233333333333333,0.23459000000000002,2.1428399999999996,257.4828605882353
2021-08-07,3160.31,2318608.0,91.64290470742912,2547.8114285714287,212.78147255094476,130.48300035112896,0.37929999999999997,-0.03679797979797998,5.791053999999999,208.8652797169812
2021-08-08,3011.85,1771162.0,81.26273996775078,2606.53,226.02956646176332,149.59231357325586,0.0,3.5779259999999993,10.284676999999993,206.47956583333323
2021-08-09,3160.52,2114151.0,82.71397897750397,2673.132857142857,245.6930068025836,168.8124522191214,0.31906666666666667,1.6988030000000007,1.098574,486.5636204081633
2021-08-10,3141.66,1824522.0,80.67813403856943,2733.287857142857,256.7944143994928,186.4088446551957,0.018266666666666664,1.058004,1.317534343434344,217.17798064516134
2021-08-11,3160.5,1786853.0,80.92041841124588,2794.687857142857,264.06857232414313,201.9407901889852,-0.14295,3.765061999999999,0.40609100000000004,305.4224600985222
2021-08-12,3045.96,1587719.0,73.30479283535085,2842.047857142857,257.6212764266565,213.07688743651948,-0.02087142857142858,0.118355,4.803326262626261,105.51989999999998
2021-08-13,3322.32,1311322.0,76.55878667415634,2903.512857142857,271.6799331858715,224.7974965863899,0.13323333333333331,2.57493,7.156088999999998,248.94144712041899
2021-08-14,3263.16,1014420.0,72.73732398303031,2955.806428571429,274.8791664509449,234.81383055930087,0.31746666666666673,-0.07015858585858577,0.5371609999999999,373.1653728476821
2021-08-15,3307.09,1224556.0,73.06011465609309,3009.477857142857,277.7575495908063,243.402574365602,0.0,-0.557963,3.1957170000000006,416.5612972477065
2021-08-16,3146.53,1940766.0,65.51876862194715,3048.0207142857143,264.0391597477824,247.5298914420381,-0.07153333333333334,6.5436279999999964,6.952550000000002,241.3329911111111
2021-08-17,3011.72,1644472.0,64.15633131695446,3083.926428571428,239.5280661699403,245.92952638761855,0.21428750000000002,3.298878,2.026424,226.17740658682646
2021-08-18,3014.55,1093813.0,59.27234328501486,3104.6242857142856,217.82030833920956,240.3076827779368,0.098625,1.9342409999999994,16.784829292929288,701.7939469798658
2021-08-19,3184.12,1297759.0,60.95551288107932,3130.1335714285715,211.85747461611072,234.6176411455716,-0.2389181818181818,0.04244799999999998,3.9357339999999987,341.6127338842974
2021-08-20,3284.82,1137843.0,61.80177909028703,3158.222142857143,212.80445703116263,230.2550043226898,0.14792,5.6360909090909095,5.970705000000004,769.403852173913
2021-08-21,3223.43,777622.0,52.16359996709353,3162.7307142857144,206.2240648260768,225.4488164233672,-0.09895000000000001,4.5603113402061854,-2.3585919191919182,697.3642353293411
2021-08-22,3238.0,803263.0,58.53531503106152,3178.884285714286,199.88063429700836,220.33517999809544,0.0,0.6717139999999998,5.433647474747475,184.61738606060604
2021-08-23,3321.28,1520784.0,56.38240431951722,3190.367142857143,199.2762869104504,216.1234013805665,0.26749999999999996,-1.9768309999999993,-1.4960509999999985,223.53622424242428
2021-08-24,3170.62,984324.0,51.04082806210466,3192.4357142857148,184.51337899322743,209.8013969030987,0.43804,0.8735059999999999,2.947889,317.01512727272717
2021-08-25,3226.87,1031704.0,52.32288728204337,3197.1764285714285,175.33146106385675,202.9074097352503,0.3033200000000001,0.4666709999999998,4.883031999999999,398.595629411765
2021-08-26,3093.2,959232.0,51.63150842002016,3200.5507142857145,155.47643748883547,193.42121528596732,0.57405,1.8969900000000002,2.739489898989898,246.7026105263156
2021-08-27,3273.45,802187.0,48.19218277191242,3197.0600000000004,152.52761346294938,185.24249492136371,-0.203875,1.470158000000001,-4.8207520000000015,250.464095
2021-08-28,3244.48,539377.0,49.29319530209469,3195.725714285714,146.16807767670844,177.4276114724327,0.0,3.0164780000000007,7.935807999999997,254.97704481327807
2021-08-29,3223.47,661232.0,46.78018051319964,3189.752857142857,137.84379091909295,169.51084736176475,0.5994,-0.1925070000000004,4.727338999999998,463.1509926530613
2021-08-30,3229.64,1228525.0,53.6320173406868,3195.689285714285,130.24323814980335,161.65732551937248,0.29933333333333334,5.653042,6.618769999999996,380.1551760147599
2021-08-31,3429.2,1772849.0,67.26722255310699,3225.509285714286,138.72345192714283,157.07055080092658,-0.42300000000000004,4.302288,0.0,227.15933067729088
2021-09-01,3826.82,2022132.0,75.32534748420807,3283.5285714285715,175.50557438030455,160.75755551680217,-0.028240000000000008,2.500940999999999,0.0,401.133644230769
2021-09-02,3785.82,1402190.0,70.3952274422073,3326.5071428571428,199.05275779084104,168.41659597160995,0.36768333333333336,1.5863752577319594,3.8347549999999995,286.10044750830554
2021-09-03,3938.11,1678132.0,71.39563369118811,3373.1707142857144,227.38148829435704,180.20957443615936,0.09725000000000002,0.0,1.0679380000000007,250.02007007299272
2021-09-04,3885.52,996623.0,71.80955141676932,3420.462857142857,242.7899069134155,192.7256409316106,0.0,0.0,0.0,282.9489141552511
2021-09-05,3950.29,1083584.0,72.71202545772243,3471.340714285714,257.2620308239211,205.63291891007276,0.0,1.8217100000000002,0.0,532.0183069124422
2021-09-06,3926.77,865160.0,70.07153606969295,3514.59,263.7925890919928,217.2648529464568,-0.21725000000000003,0.0,4.191039,391.89419729729735
2021-09-07,3434.57,2359100.0,57.1342851119268,3533.443571428572,226.6391223323112,219.13970682362765,0.022499999999999992,0.0,4.102561999999999,631.1699181434601
2021-09-08,3499.0,1783652.0,57.32299991927021,3552.881428571429,200.08721393276252,215.32920824545465,0.22015454545454546,0.0,0.0,214.06947922705314
2021-09-09,3424.93,1147283.0,59.222663960632765,3576.576428571428,171.09552257775704,206.48247111191515,0.4851,0.0,8.018488000000005,351.4290058823527
2021-09-10,3208.86,1128069.0,48.23935407546327,3571.962857142857,129.1950746776497,191.02499182506207,0.4513666666666667,4.257848999999998,3.3126239999999996,412.9142028901734
2021-09-11,3267.21,833958.0,50.60982480615995,3573.586428571429,99.54948074249296,172.72988960854826,0.0,0.0,0.0,328.8967814606741
2021-09-12,3404.21,1089138.0,54.56497140894306,3586.496428571429,86.11718371930783,155.40734843070018,0.0,0.11516300000000015,7.4029719999999966,213.64070054945077
2021-09-13,3285.35,1363198.0,51.33129095314793,3590.4757142857147,65.13020247642135,137.35191923984442,0.25895,4.789602,3.8711479999999994,294.1625958762887
2021-09-14,3434.37,894664.0,50.126604596946805,3590.8450000000003,59.83282170234816,121.84809973234518,0.08139999999999999,3.991541,4.182799999999999,167.47078994974882
2021-09-15,3613.55,977023.0,44.151698796171885,3575.6114285714284,69.29415788559754,111.33731136299564,0.17402727272727272,0.0,0.0,286.6777553648067
2021-09-16,3567.98,1081868.0,44.04131471836842,3560.0514285714285,72.28199497634205,103.52624808566496,0.20752727272727275,2.490392,0.0,648.4446105468751
2021-09-17,3399.81,867583.0,35.40242976461654,3521.6014285714286,60.38389588816335,94.89777764616464,0.05389999999999999,0.0,3.7043030000000012,530.7581716981134
2021-09-18,3435.64,692204.0,37.68828268675016,3489.467142857143,53.23212143573664,86.56464640407904,-0.2743333333333333,0.6070309999999999,-1.3830949494949492,273.72214155251123
2021-09-19,3328.62,687285.0,33.37149398969662,3445.062142857143,38.48503750365626,76.94872462399448,0.0,0.8936554216867465,3.019516999999999,191.27201814345992
2021-09-20,2977.28,1708278.0,28.39229715398865,3377.241428571429,-1.5346440671037271,61.25205088577484,-0.14083333333333334,3.6434009999999994,1.4237,172.2147844827586
2021-09-21,2765.9,1754962.0,32.55300606901878,3329.4792857142857,-49.73382884115108,39.05487494038966,0.03662,1.364138,3.5025380000000017,262.5773086206896
2021-09-22,3076.92,1200519.0,40.24263944370469,3299.3307142857143,-62.119243363938494,18.82005127952403,0.1591,-2.1317270000000006,0.6688510000000001,227.493402283105
2021-09-23,3152.5,885568.0,43.70654087294804,3279.871428571428,-65.08583031639137,2.0388749603409497,0.28684000000000004,1.2035272727272726,-0.5601750000000003,219.27439999999987
2021-09-24,2928.53,1607374.0,43.54759263265954,3259.8478571428573,-84.53491319576096,-15.275882670879431,0.09581428571428573,-6.135038383838385,-9.379166999999997,234.19157610619473
2021-09-25,2921.73,934301.0,41.85472995275234,3235.1707142857144,-99.35188795087106,-32.09108372687776,-0.21215000000000003,1.354364999999999,0.17572300000000002,244.29505517241373
2021-09-26,3059.37,1347301.0,41.872271823058576,3210.5392857142856,-98.84858454873938,-45.44258389125009,0.0,1.8134761904761907,-0.39122600000000013,173.27192463054197
2021-09-27,2925.59,1043885.0,41.57983429293639,3184.842142857143,-107.99968775733988,-57.95400466446805,0.20646666666666666,2.785479000000002,3.9331210000000003,166.82436475095798
2021-09-28,2804.91,928494.0,35.06945103322643,3139.880714285714,-123.56548442781197,-71.07630061713684,0.41675000000000006,1.4629640000000002,2.599123,266.03967111111103
2021-09-29,2850.45,748804.0,30.674358766562648,3085.373571428572,-130.71993498812208,-83.00502749133389,-0.21950000000000003,0.2327079999999996,-0.12725252525252517,411.8413612546124
2021-09-30,3000.61,992243.0,36.35414712517618,3044.847142857143,-122.85701237881358,-90.97542446882984,0.11497272727272728,2.3681600000000014,2.2012750000000003,295.65669629629593
2021-10-01,3309.91,1446386.0,47.97526170699626,3038.425714285714,-90.62301874042303,-90.90494332314849,0.111375,1.1490224489795915,2.3593282828282836,236.2664386178861
2021-10-02,3387.76,1046194.0,48.94167263467813,3035.0057142857145,-58.12546795546814,-84.34904824961241,0.11877499999999999,1.7490717391304345,0.19614500000000004,270.54037736625503
2021-10-03,3417.73,816339.0,52.03912110242058,3041.370714285714,-29.611256167193915,-73.40148983312872,0.0,3.9205909999999995,0.7667630000000001,260.89793878327004
2021-10-04,3386.31,1090407.0,60.96542258014358,3070.587142857143,-9.440050279888055,-60.60920192248059,0.06378000000000003,2.1671757575757584,0.8859585858585862,454.47784907063163
2021-10-05,3515.27,1025512.0,71.01819181340349,3124.113571428571,16.75858738429588,-45.13564406112529,0.18334999999999999,5.694518,4.4876179999999986,389.7314468852463
2021-10-06,3574.89,1444856.0,66.2600325220242,3159.682857142857,41.84961589743989,-27.738592069412256,0.0,12.986851546391753,3.093606,237.25033630136983
2021-10-07,3587.47,1252503.0,64.81233015725991,3190.752142857142,62.03444318383527,-9.783985018762753,0.15631250000000002,1.624028,3.552543999999996,492.47977634408585
2021-10-08,3563.13,1084792.0,75.01103543952578,3236.0807142857143,75.20016891324622,7.212845767639042,0.078275,0.8462696969696971,0.2932535353535353,268.712406637168
2021-10-09,3574.82,1175683.0,75.6409350388291,3282.73,85.59074982474249,22.888426579059733,0.2801333333333333,3.8252969999999995,3.1839999999999997,254.64176976744204
2021-10-10,3414.22,1765439.0,63.68502649461237,3308.076428571429,79.94472917335361,34.29968709791851,0.0,3.3125565656565654,3.5287729999999975,387.27689789915985
2021-10-11,3542.12,1110340.0,73.88521706789811,3352.1142857142854,84.81300667812502,44.402351013959816,0.14051666666666668,1.2863750000000003,3.141931000000001,488.9787688212929
2021-10-12,3491.46,925699.0,78.12369427899623,3401.1535714285715,83.61940065846557,52.24576094286097,0.43532499999999996,1.655359,0.5403579999999999,324.27904935622325
2021-10-13,3607.42,902525.0,79.31696888482661,3455.222857142857,90.98168197459016,59.99294514920681,0.03887500000000001,6.875965999999998,-12.231799,364.6658637820513
2021-10-14,3790.82,1430307.0,79.83613366056258,3511.666428571428,110.343222242499,70.06300056786525,0.0897375,0.8249840000000005,3.4496560000000005,338.1647843137255
2021-10-15,3868.99,1399937.0,75.57267271662764,3551.6007142857147,130.4908310308315,82.1485666604585,0.6328,3.7359849999999994,20.211412999999997,337.66317575757563
2021-10-16,3829.96,1037769.0,70.97126055202504,3583.1864285714287,141.6754153404272,94.05393639645224,0.0,4.7182189999999995,5.417508999999998,226.0036044247787
2021-10-17,3846.85,1025324.0,70.6065961084113,3613.8378571428575,150.17108207483534,105.27736553212888,0.5106,3.989617391304347,6.770526999999999,335.84853484162915
2021-10-18,3744.96,994548.0,66.13084582932294,3639.4557142857134,146.9879026550716,113.61947295671744,0.34,0.5178170000000002,3.4758303030303024,417.47115964285683
2021-10-19,3877.03,925015.0,66.22533189809833,3665.2957142857135,153.35438142699377,121.5664546507727,0.056575,2.523299000000001,1.8799649999999994,258.62841111111123
2021-10-20,4161.15,1766454.0,71.88680654073025,3707.171428571429,179.25957839728017,133.1050794000742,0.22684285714285712,5.652162000000001,4.589439000000001,303.949123125
2021-10-21,4052.99,2380751.0,66.22156556645854,3740.422857142857,188.88468054326177,144.26099962871172,0.00464,2.936768686868685,-0.6929140000000004,363.5559222950817
2021-10-22,3972.2,1133846.0,63.71493901416856,3769.642142857144,187.82839669132957,152.97447904123527,0.642,1.0752959999999998,1.3988289999999994,288.93362338129504
2021-10-23,4167.12,940891.0,67.68524269061723,3811.9492857142855,200.4095031128495,162.46148385555813,-0.13125,0.11059400000000005,3.262562000000001,364.7142061068704
2021-10-24,4082.33,917969.0,70.89476153244723,3859.671428571429,201.2187516982244,170.2129374240914,-0.5267,0.6671360000000004,-0.3830820000000001,488.7788193236716
2021-10-25,4220.37,939963.0,71.07819676920114,3908.117857142857,210.5714250719716,178.28463495366742,0.08215000000000001,3.497618,2.1135380000000006,499.4610185328186
2021-10-26,4131.52,1285913.0,69.43014304101808,3953.836428571428,208.4115945235176,184.31002686763748,-0.024319999999999987,1.4694480000000008,4.960792000000001,280.3713763157895
2021-10-27,3922.0,1872190.0,59.036331464289006,3976.306428571429,187.63051253229517,184.97412400056905,0.16375,1.6746690000000006,0.02960800000000021,361.97967678571456
2021-10-28,4286.02,1711575.0,62.887375992838045,4011.6778571428576,198.2494310573229,187.6291854119198,0.10358333333333332,1.897824,5.552517,335.621678515625
2021-10-29,4418.89,1799386.0,63.91475535942025,4050.9564285714287,214.9091600321185,193.08518033595956,0.2680181818181818,2.615093,1.4529409999999996,332.8195839243503
2021-10-30,4322.68,1035476.0,62.117217702666814,4086.1507142857145,217.8376752114359,198.0356793110548,0.0,1.2824520000000006,1.1452129999999998,190.00597108433746
2021-10-31,4287.21,1303438.0,60.73148382820269,4117.6050000000005,214.82009963726705,201.3925633762973,0.1298,5.636645999999998,4.765512,864.5775054545456
2021-11-01,4319.43,1134036.0,64.49181403092757,4158.638571428572,212.5780663567957,203.629663972397,0.009980000000000011,3.440526262626262,2.7907360000000008,318.9917634228188
2021-11-02,4589.89,1657233.0,66.80924713738658,4209.557142857143,229.9741022042117,208.89855161876,0.5598166666666667,0.29285299999999975,7.980870000000002,292.3828120000002
2021-11-03,4603.35,1580640.0,61.952772762166326,4241.142857142857,242.0564197233639,215.5301252396808,0.049619999999999984,2.3399910000000004,3.6856139999999997,448.71572256097573
2021-11-04,4532.32,1019675.0,63.22180233359997,4275.380714285714,243.0979343640288,221.0436870645504,0.0,1.2205059999999988,1.1475480000000005,427.2596440476192
2021-11-05,4474.24,893068.0,64.02393376314289,4311.240714285714,236.5104266396038,224.1370349795611,-0.064,1.738955000000001,0.5027420000000007,547.7825410344827
2021-11-06,4518.0,868676.0,60.70552484165049,4336.303571428572,232.144824557623,225.7385928951735,0.4767,1.2592838383838383,6.0853969999999995,458.5465784246576
2021-11-07,4612.59,834745.0,66.08232539518858,4374.1792857142855,233.624597005557,227.31579371725024,0.3612,-0.6462700000000001,4.0086699999999995,259.34829774436093
2021-11-08,4807.98,1344244.0,67.22257067992237,4416.151428571428,247.70824098037065,231.3942831698743,0.371,3.6410040000000006,15.711623000000001,302.8740501222495
2021-11-09,4732.33,995668.0,67.74677591819129,4459.066428571428,249.88479120587544,235.09238477707456,-0.10635714285714284,0.4031636363636363,6.2218550000000015,604.1312021563342
2021-11-10,4628.78,1492374.0,72.27116892283644,4509.550714285714,240.4819768104062,236.17030318374088,0.21702499999999997,3.067233,2.626786,287.96918724137913
2021-11-11,4719.0,909164.0,66.48869729466242,4540.477857142857,237.5716011238092,236.45056277175456,0.16532,5.988066,-18.71176800000001,469.14229962264136
2021-11-12,4665.46,1206412.0,59.9936771965662,4558.089999999999,228.31302642777064,234.82305550295777,0.27258333333333334,2.1128350000000005,2.903318000000001,473.2177345070421
2021-11-13,4644.28,731125.0,63.87881926462969,4581.061428571428,216.7677268633215,231.21198977503053,-0.7469,2.4951140000000005,2.751793000000001,228.95693437500006
2021-11-14,4626.5,623491.0,64.86927102050117,4605.296428571429,203.83362917763225,225.7363176555509,0.0,3.3197870000000007,14.176446000000004,332.53250887573967
2021-11-15,4563.78,1061676.0,60.4297385202448,4622.75,186.37388165548143,217.86383045553703,0.41930000000000006,0.0,1.872946000000001,322.9084375000001
2021-11-16,4209.76,1741259.0,34.8550164545766,4595.597857142857,142.3297617260987,202.75701670964935,0.42250000000000004,2.361116000000001,4.2605200000000005,263.81823315649854
2021-11-17,4287.8,1146593.0,38.043272327687454,4573.058571428572,112.42568187571489,184.6907497428625,0.20099999999999998,-1.3571540000000002,1.879588000000001,372.04104347826075
2021-11-18,3996.9,1319866.0,32.609684166764126,4534.814285714286,64.50965712825473,160.65453121994096,0.3917125,2.347559,2.6717289999999987,384.9302642253522
2021-11-19,4294.76,984517.0,44.956160071942456,4521.994285714286,49.99437099131865,138.5224991742165,0.09328333333333333,-0.19727422680412415,10.454264,344.55263199999985
2021-11-20,4412.17,888090.0,47.14412931429959,4514.435,47.418299277294864,120.30165919483218,0.1655,0.4661809999999998,8.438562000000001,324.7172514106585
2021-11-21,4258.31,836925.0,40.73593707507897,4489.129285714285,32.585897800183375,102.75850691590244,0.0,1.4875424242424238,-0.43389299999999936,356.8458796296296
2021-11-22,4085.97,1162581.0,30.889802918896606,4437.557142857143,6.845800941476227,83.57596572101718,0.29883999999999994,3.3392550000000005,7.235030000000002,367.4326591836734
2021-11-23,4339.44,1098270.0,40.49562386000222,4409.493571428572,6.820872622643947,68.22494710134254,0.0,1.808177,5.592768999999999,329.70820721649505
2021-11-24,4269.36,990018.0,41.1621799726569,4383.8207142857145,1.1331837959496625,54.80659444026397,0.06874999999999999,3.154673,4.276756000000001,329.2789896666666
2021-11-25,4524.85,1123629.0,45.58487099136305,4369.952857142857,17.04507222180564,47.254289996572304,0.43593333333333334,5.025745000000001,5.337711999999999,691.6769878048777
2021-11-26,4041.2,1654553.0,38.1265216068168,4325.362857142857,-9.264360746219609,35.950559848013924,0.3789,1.128973,1.5866570000000002,640.6207806896556
2021-11-27,4095.29,723831.0,39.68726871071605,4286.149285714286,-25.45671579813552,23.66910471878404,0.0,0.34729799999999966,2.2334810000000003,329.7238690140848
2021-11-28,4294.78,842343.0,44.16688354165055,4262.455,-21.9391966416797,14.54744444669129,0.0,1.5369510416666667,0.10913000000000056,327.9057172794117
2021-11-29,4444.53,947503.0,47.96532955689399,4253.937142857142,-6.987417283867217,10.24047210057959,0.0105,3.6745,3.3060099999999983,511.4484986301371
2021-11-30,4630.26,1808789.0,57.6117965650071,4283.972857142858,19.622636825915837,12.116905045646838,0.3057857142857143,4.01917,4.200512000000001,247.2603054320987
2021-12-01,4582.95,1367302.0,55.402847592652925,4305.055,36.47333293100564,16.9881906227186,0.06748333333333333,0.387019,3.92914,374.3340534772183
2021-12-02,4511.21,1062149.0,60.2359618989997,4341.791428571429,43.53694574347264,22.29794164686941,0.4773,4.969699,-1.2194970000000005,319.3924434650455
2021-12-03,4215.73,1516700.0,48.42562821478232,4336.146428571428,25.0039136649948,22.83913605049449,0.28542500000000004,6.487019,6.3098090000000004,354.5597022580648
2021-12-04,4117.25,2264288.0,44.08019398143688,4315.080714285714,2.342832536102833,18.73987534761616,0.6249,-0.30958900000000034,6.3565070000000015,394.43175370919886
2021-12-05,4196.44,1088546.0,48.71973148918382,4310.661428571429,-9.121123704893762,13.167675537114173,-0.32985,1.7241710000000001,0.4269869999999998,386.34226611111103
2021-12-06,4347.59,1447061.0,55.46156736670703,4329.348571428572,-5.941361515306198,9.3458681266301,-0.04454999999999999,1.2716030000000003,3.0392790000000014,387.4008891959798
2021-12-07,4306.4,986492.0,49.24318083946455,4326.988571428571,-6.668198984827541,6.143054704338572,0.50958,5.643770833333334,0.5090539999999999,343.30097385057485
2021-12-08,4436.91,991178.0,53.73453694416583,4338.956428571429,3.2493864619555097,5.56432105586196,0.12547142857142857,0.6916231578947369,-0.008978999999999997,316.22595015479874
2021-12-09,4105.64,1038790.0,40.96152270561399,4309.012857142857,-15.443552421184904,1.3627463604525871,-0.08945,-0.00614199999999994,0.035730000000000005,337.9221202597403
2021-12-10,3897.94,1098758.0,46.494018834309,4298.78,-46.48168342739245,-8.206139597116422,0.12052857142857142,0.15980899999999998,0.10666299999999998,353.6838867435158
2021-12-11,4089.37,831899.0,49.86424633786152,4298.357142857143,-54.99883241029056,-17.564678159751253,0.3057,0.21212395833333333,0.113736,344.0335009999999
2021-12-12,4130.0,591319.0,45.92443459506521,4286.587142857143,-57.80390546059243,-25.612523619919493,-0.0644,0.14134777777777782,0.11223699999999999,338.14293495440734
2021-12-13,3781.93,1144882.0,35.07576986143397,4239.258571428572,-87.10914610729014,-37.911848117393625,0.006216666666666676,0.167427,0.22966999999999999,444.63886134259275
2021-12-14,3858.99,915721.0,31.73393456832811,4184.167857142857,-102.92915919393636,-50.91531033270218,0.07533999999999999,0.135483,0.088658,478.33212673267303
2021-12-15,4019.08,1238234.0,37.32300954590624,4143.891428571428,-101.38006221972456,-61.008260710106654,-0.011785714285714288,0.181713,0.024764999999999995,335.1513579220779
2021-12-16,3958.11,848885.0,37.50463126123929,4104.384285714285,-103.87475761349378,-69.58156009078408,0.4174636363636362,0.27135,0.054922000000000006,357.670434634146
2021-12-17,3875.42,1052871.0,41.494078773063805,4080.076428571429,-111.2418863964922,-77.9136253519257,-0.17014,0.16094333333333335,0.033023000000000004,446.69559463806957
2021-12-18,3959.93,740899.0,46.04019210052052,4068.839285714286,-109.00460112509244,-84.13182050655905,0.4853,0.11855578947368421,0.012496000000000005,423.43703012987
2021-12-19,3924.14,688078.0,42.99301102384899,4049.3892857142855,-108.86456735262756,-89.07836987577275,0.0,0.15398000000000003,-0.0033710000000000003,566.1580685459941
2021-12-20,3944.73,844070.0,38.88662068965517,4020.613571428572,-105.87172531035276,-92.43704096268876,0.17396666666666663,0.16745000000000004,0.065468,380.2565243523316
2021-12-21,4014.15,799127.0,42.061573397510784,3999.738571428571,-96.78261288053228,-93.30615534625748,0.020799999999999992,0.15575200000000003,0.11228900000000001,424.14978018433163
2021-12-22,3979.51,675826.0,36.8929312380363,3967.067142857143,-91.32188248246166,-92.90930077349832,0.19072857142857141,0.14435800000000001,0.12204699999999999,787.8234644943822
2021-12-23,4111.41,911905.0,50.186672188108616,3967.4792857142857,-75.4808899200707,-89.42361860281281,-0.0778,0.15019300000000002,0.04579400000000001,493.22523319502045
2021-12-24,4046.36,593257.0,55.289983176983846,3978.0807142857143,-67.39884856868048,-85.01866459598634,0.48843999999999993,0.179472,0.041956000000000014,622.9702924757283
2021-12-25,4094.83,515115.0,50.216687303552725,3978.470714285714,-56.43213413589774,-79.30135850396863,0.0,0.26004799999999995,0.011234999999999993,1388.2844564039412
2021-12-26,4063.56,496076.0,47.34350510187762,3973.725,-49.69135064427656,-73.37935693203022,0.6124,0.1928600000000001,0.09400499999999998,833.9523293302544
2021-12-27,4037.23,557284.0,63.74383599991389,3991.960714285714,-45.944225679111696,-67.89233068144651,0.23016,0.168315,0.070421,573.5150774193554
2021-12-28,3792.75,846780.0,46.97865353037767,3987.2292857142857,-61.98754115450538,-66.71137277605828,-0.26627500000000004,0.20623700000000006,0.038978,473.4568175403224
2021-12-29,3630.19,719559.0,32.30178306497855,3959.451428571429,-86.81842887848052,-70.73278399654274,-0.027412500000000006,0.18794199999999994,0.116695,435.53218437499993
2021-12-30,3709.27,583361.0,38.85904117194074,3941.6771428571424,-98.97506821916204,-76.3812408410666,-0.021733333333333344,0.19362300000000005,0.090741,705.7318354347824
2021-12-31,3676.23,617370.0,40.66702276198775,3927.449285714286,-110.00724926135808,-83.1064425251249,0.42476666666666674,0.21589890109890106,0.091606,578.5744213036565
